"trial","ref_position","var_area","response","correct","rt"
1,"L",10.5875372695737,"R",TRUE,2.3659999370575
2,"L",8.34103755257092,"L",TRUE,1.46600008010864
3,"L",8.05720677436329,"R",FALSE,1.26100015640259
4,"R",10.2609046206344,"L",TRUE,0.885000228881836
5,"L",8.09010546188802,"L",TRUE,1.18400001525879
6,"L",8.1555142630823,"R",FALSE,0.983000040054321
7,"L",12.9409174772445,"L",FALSE,0.773999929428101
8,"R",13.1088685761206,"R",FALSE,0.675999879837036
9,"L",12.9338994780555,"L",FALSE,0.48799991607666
10,"R",13.8717896796297,"L",TRUE,0.572000026702881
11,"L",14.8728933450766,"R",TRUE,0.690000057220459
12,"L",13.1651734469924,"R",TRUE,0.666000127792358
13,"L",14.9952767763752,"L",FALSE,0.679999828338623
14,"R",9.75798044702969,"R",FALSE,0.789999961853027
15,"L",11.9581910232082,"R",TRUE,0.781999826431274
16,"R",14.0221470205579,"R",FALSE,0.690000057220459
17,"R",10.4991773357615,"L",TRUE,0.68399977684021
18,"R",11.2990393699147,"R",FALSE,0.686999797821045
19,"R",14.6529707603622,"L",TRUE,0.793999671936035
20,"R",13.7670075816568,"R",FALSE,0.888000011444092